money,num,chance,purple_chance,odds,purple_odds,y,isup,purple_isup
22636,1,0.1991,0.585,0.6440815326142201,0.689913339530223,0.19,0.3312501701464171,0.7434806390181113
22636,1,0.1991,0.585,0.6440815326142201,0.689913339530223,0.19,0.3312501701464171,0.7434806390181113
